cell,trueType
ACTTTCTAATCA,1
GAGAGAAAACCT,2
TACGGCTGTTAT,3
GACGCGTAAGTG,1
GAAAGGACTGCA,1
TGACCTGGATAA,2
ACTCCGTTCACT,1
TAGGTAGCGCGC,1
CTCTACCCTTCA,1
GCCCGTTATCTG,1
TTCTCGCCGTAA,1
GCATGACATATA,2
GAAATTTATTAG,1
CGTCCACGCTTT,2
CTCTGTTCGTCG,1
GGTCCAAAAGCC,2
TAAAACTTCATA,1
AGAGCCAAGCAC,3
TATTTCCAATAA,1
TTTGCCTGCTGT,1
CGTCCTGAGCTT,1
TGTGCATGTAAC,1
AGCGTATACTAA,2
CGCTTAATCAGC,1
AAATTCAGGCGG,1
GACGCTGCCAGG,2
ACCCTGTATTAC,1
CATCTATCAAGG,1
GTCAAGCACCGC,2
AGGGCGTTGTAG,1
AAATCGATGAAT,1
TTTTCCGCCACC,2
GGGTTCCTTCTT,3
TAAACTCCGTCT,1
ATAAAGAACATC,1
ATGGTTTGTCCA,1
GTGCCCTCTTTT,2
GTCTCGCAGGTT,2
CGCGCACTCGAT,3
ACGGCCTCCAAA,1
CATGAAAGTTGA,1
CATGTCGCCTGA,2
CTGTACTAGAAG,1
ATCTCGTGGTGC,2
GCACCATCATCA,1
CTATCATTAAAT,2
TGAGGCGATGAC,1
ATAAACAGCTGC,1
GCCCCGAGTGGT,2
TTCCTTTCGTGC,1
ACGCCCGGTACA,2
AGTCATCAATTC,1
ACTCCTATACCC,1
TCTCCGTTCCGC,2
TCATGAGTTCCG,1
AAGTCGATCAAC,1
GTATTATTATCT,1
CGCACTATCTTC,1
TACGAATACCTC,1
ACTTGGTTCAAG,2
CTCACCATACGG,2
TTCATTGAGCAT,1
ATCACGGTCCAC,1
CACGATTTTACT,1
GCCGTGAAGGTG,3
GACAAACCCGCA,3
AGACGAATCTAA,2
CCGATCATAAGA,3
TCTCGACGCTTG,2
AGTTTTAGATTA,3
CGAGTAAATATC,2
ATTGCTTTCTGT,1
GACGGATGTCAA,4
GAAGCATAAGCC,1
CCTACGGGTCAT,1
GATTGGACCATT,1
GCCCGATCGTTC,1
TAGTAAGGCACT,1
CGCGTTTTTATA,1
GTCAGATTGCCT,1
CACAACCGGTCT,1
TCCCCCTCGGCT,2
AGCTCGATTAAA,2
TAGTGATTGTTC,2
TACTCGTTACCT,2
CGACAGTGAGTC,1
GCTGACCGTCTC,2
TTAACGCCTACC,2
CGCCACGTCCCT,2
TGCCGGTTGTTC,2
TTCTAGGCCCGT,1
ATCAACTAGAAT,1
GCCCATCCTTCC,1
GCAGTATCTCAA,1
ATTGACCTTTTC,1
GACGTATATGCC,1
ATACGACGATTC,3
CCCGACTCTCTA,1
ACCGTTAGTGAC,1
CGGCGCTTGCAC,2
CTCCTAGCCGTA,1
GCGTCAAAGCGA,1
AGGTGTGTGTCC,1
GCAACGCCCGCC,2
AGTGGATCGCGT,2
ACAGAGAGGACA,2
TTCTGGACATGC,2
GCAGAACGCGGT,1
GCTCCTATGATA,3
ATCCTCTTACAT,1
GGCTAAACGTAT,2
ATTTCGCACGTT,2
GGTATACTGATC,1
CGTAACGGATCA,2
CCGGCATTCTCG,2
TTGCCTGCATTC,2
GTGGAGCTGTAA,1
GCATTTCGAACC,2
GCCTTCTGTGGC,1
GGACGGTGCGTC,3
ACGTCATCCGTA,3
TGATCCGGACTT,1
CAGCAGTGAGAA,3
CCCTTGTCATAA,1
AGTCTCCTACTC,2
CCGGTCACCCGT,2
CAAAGGGCACTA,2
AAACCATTCTTC,2
GTGTTCGTCACC,2
AAGGCTGGTGAC,1
CTTCAAACTCCC,1
GCGCCATGTCCC,3
GGTGGTGAGTAT,1
CCCAACATGGAT,3
CCACGGAGACAA,2
TTCCTTTCGGTA,1
ACTTACCTACCC,2
CTGAGTCCAACA,2
GTGAGTCAGCCT,2
GTGCTTATAGTC,2
GTGTATTAGGTT,3
GCTGGCCGTTGA,2
CCCCCCTGGGCT,2
AAAACACTCCTG,2
ACCAGACCCTAT,1
CGATCATGGTCC,2
ACTCATAACTAG,1
CTGGATGAGCCC,2
AGCCTTAGAACA,2
ACAATACGCGAG,1
AACTTGGGACTT,2
TGGCCGATGGGA,2
CTCCTTATCCCA,2
AGCCCCTCACGC,2
TTCAGTTGTCTT,3
GGAATGCAGATA,3
GTGGCCCTCACC,1
GGGCTCCACCAT,1
GTGATCGCTGGA,1
AATGCCAGACTA,1
AATGTAGTCTCT,2
CTTTATCAAAAA,1
TACCCCCGTATC,1
TCAAGAATTGAA,2
TCCAGCCAAGGA,2
CAGCTTCTCGAA,2
CTGCCAAGACTC,2
AAACCGGATATC,2
TGCACTATCCTT,2
TAGGTAACTAGC,2
ACCCTAATTTAA,2
GATGTCACCAAC,1
TGGAAAAGGTTT,2
CGCTATTTGCTA,1
TGAGGCGCAACC,2
GACCCGGACGAG,1
AACTAGCCAAAG,1
ACGCTTATGACC,3
CCGACGAAGGTT,2
CCAAAGTGTACC,2
GCTCCAGCCGGA,1
GTTATATACGAC,1
TACCAAAACATT,1
AAACATCCCAGC,4
AACCTTGGTCTC,3
AATGATTCTGGC,2
AGCGTGTTTGAA,1
AATAAATCTATC,2
CGAAACGGAGGC,3
TTCATGCCATGT,2
TAAGACTGCTAC,1
TCGGCCTTTCCC,4
ACTGCCTATGGA,2
ATTGGATGTGGT,1
GATAGTACCGAA,3
CGAGGTGTTCGT,3
GGTCTTTGTGCC,1
AAGGTCAGCGGC,3
GTACCACTTCAC,1
GTACTGGGTCCC,1
TTGAGTGAACTG,3
GAATCCTCAGGC,1
GGGCGCGATTTC,2
GTATCGTCGGAT,1
AGGAGCCCCCGA,2
CGACACTTCCCC,3
ACCAACCTCAGT,3
GGTTCGGGATAC,1
TTGCCCGGGTGA,2
TATTCGCGGTGT,1
GAATTAGGCAAC,2
GGAGGATACTTA,1
CGAATCTTTCAC,2
GATGTACGCAAA,2
ACCCTGGAAACC,3
CCCGACAAAGAA,3
TACACGGACTAC,4
CCCGAGCACGCG,2
AGGGTCCGAATT,3
TAACACAATTCG,1
TGGGATTGACTA,2
GACTCACCTTGT,3
TGGCATTCTCCC,2
CGTTGTTTGAAG,3
GCGGATCTATTG,2
CCGGGACATGAT,3
TGTTCATTTCGT,2
CACATCATTAAC,1
AACGTCCTACTA,1
GCAGGCTAGTCA,2
CTTGCGGCCGCA,3
ACCCTCGGTTTA,1
AGATTACATCGT,1
GTGATGCATAGA,1
TGCCAACCATCA,2
ACTGCCTCGATC,1
CGCCGCTGAGTT,2
CGATAGGTCTGT,2
GTCTGAGTGCAG,2
GTAGCCGATCAA,2
AGGCTGATGGAT,1
GTACGGTAACCG,3
TGTACTCCCCCA,2
CTATTCCTATGA,2
GTTTTCCGCGTT,3
TAAATCCTTCAT,2
ACAAATAACAGT,3
TCGTGGTTTTTC,1
AGGCTTCGTAAC,3
ATCGGGCAAACG,1
CACTCAGCGGCC,2
GCGACGCCACCA,1
TGTGCACTTAAG,1
GCGCTCTAAAGA,1
GGACCCCGTCAT,2
CCAAATGCGGAT,1
AGTCGTTTTCGA,3
TGGATGCACAGA,2
ATAAGCGACGAA,1
TCAGCTTCGCCA,2
AAGGTCCTCAGC,2
GGCTAATATCCG,3
CAAGTACGCCCT,1
ATTGAGCAGGAT,3
GACACCTTCAGA,2
GCGTCCGACGCC,2
CCCTCCTCGGGC,2
GTCCAGGATGCC,2
CGTGGGGTGTTC,4
CGACAGAAGATG,1
GTCGCGTCCGTA,3
GCCTTCCTGCCC,1
AGAGGTAACCTT,1
AAAAACGGCCTG,1
AGGTGACCACTC,2
CGTGTCGAGATA,2
CGTGCTTTCCCA,1
TTTGACAGTATG,1
AGTCTAAGGTTA,2
GGCCACTTGCTG,2
AACCATAGTTAG,2
ACTCCATAACTT,2
TTCGTTTCAATC,1
TTCTTATGCCCG,1
ACTGGGGCTTTA,1
TCGTGGATTTCG,1
AACATCCCTGAG,1
GCGGAAGATAGA,2
GCGAGCCAAGGG,3
AACATCCATTCT,3
CTCAAGGTTGGA,2
GACACTAGTGCT,2
CTCATAGGCACA,2
AAAGTGCCACAT,3
AGAGAAGGTTCC,1
CATCTTAATTAG,2
GCCTGACGACAA,1
AAGGGTGCTAAC,2
GCGCTGCTGAAA,3
GTGTGAAACAAA,2
ACTCTAAAAGGG,1
GGGACGCCCTCA,1
GTACCATGTGAT,2
GCCGTACCGCCT,2
TACACGGCCCGC,2
ATTCTAACGCCC,4
CCCACTGTGGGT,2
GTCACTGGTCGC,2
CGCTCAGTTCCA,2
TGTGTTCTGGAG,2
TCGGATGTTGCC,4
ATACAGTCGTCA,2
TAAGCCTCACAC,4
TACAAGCTGCAG,1
GTTTGCATGGTA,3
AATAGCACTGAA,1
TTACAGATCTAT,2
CGATCCGGCGTA,1
AAGGAGAAATGT,4
CTATTGCTCGTT,2
GTATGTTATGGT,2
TAACCTTACGAC,1
CCTTGTCCGTTA,3
AGTAGAATACAA,2
ACATCTTTGTCC,3
GGCAATGACCAC,4
GTAAGATGGCGC,2
GTAGCTGTGTTC,2
TGCCTCTGGCCT,1
CCGGTAGGCAGC,2
CTCGACGTGTGA,1
AAACCCATGTAC,1
CCTAAATATGTC,2
AAAAGTGTCACG,2
TTGTGAAACCCG,2
CGAGTTTATCTC,2
GCGGTTATGTAG,2
TGATTAATGGAG,2
TGTCGCTGCTCC,1
GAGATGTCTCTT,2
TGCACCATATCA,1
GATAAGCCGTGA,2
TGTAGCAACGAG,3
TTACGGATCGAA,1
AGCTAGGTCTCA,1
GTACCCTTTGCT,2
TCGGATCATCGC,2
CAGTGCCCATCT,1
TGCACCGGACTC,1
ATCACAGGCACG,4
TGGGTATCGATG,4
AAGCCTGATGCC,1
GATGCTACCCAA,1
GCCGCTGCAGGC,1
TGCTGCGCGCAC,2
TGTGATGGTCGA,1
GCAGCCCCGCTG,2
GGTAAACTACCC,1
GGTCACAACCGT,3
AACTCAGTTATG,2
GGCTCTCGTGGC,1
CTGGAGGCCCAA,2
ACGAGCTAAGTC,2
TAGGGGGCGCTC,2
CAGATTTAGGAA,1
ATTGGTCAATTA,1
TTTTATTGATCT,3
TCACAGACTTAG,2
GCACTTACAGCG,1
AACTTACAACAG,4
ACTTCCATACCT,4
CGAAGAAACCTC,2
AAGCTTTCCAAT,1
CTGATGCATAAA,2
AAATACGCCAAG,3
CTGCAGTACCAG,4
GGTCATGGTGGT,1
GGCACAATCGCG,1
AATTCTTGCCAA,4
GAGATTCTCTAC,4
TTTCAAGCAACC,4
GTGCGGACCACA,3
TCCTACGACCAA,3
CCCGGGAAGGTA,2
GGATCAAAATGG,2
TGGACGCGCTTT,2
CCAGATCGAAGA,4
GTCCAAACGCCT,2
TGGGTACGGCCC,2
CGCGTGTTCTAT,3
CGTCAACAGTGT,2
TAAGAGGGCTAC,1
AACCCACGTGGT,4
CTGGGCTCTTTA,1
TAGTTCCGCCTG,2
GCACACTTCGAA,1
TAGTAAATATTG,1
TTGACATCTTAA,3
GTACTGATCCGA,2
GTGCTGTGTAAG,2
CTGCCAGAAAAT,1
AGATGGGCCGAA,3
CCATTAGCGACA,2
GCTACCCCAACA,2
CGTTCGATTCCG,1
GAACCGTCAAAC,1
AGATGATCCGGC,1
GTCATCGGTCCA,2
GTTAAAGCGAGG,4
CGCAGCTATCAT,3
CTTGAGCACTAG,2
ACTCTGCCGCGA,2
ACTTACAGCGTG,3
TTTACTTTGTGG,3
CCGCCTCCGGAT,4
TCAGCGTACTTC,2
GATCCCTTGGTA,3
CAAGGCTGAACT,2
CGATGCCGAGAA,3
CCACTTAGAGAC,3
CTTCTAAAGACG,1
GAGTCGCTAGGA,2
AGGAAATTCCCG,2
AACAAAATGGAA,1
TTTGCGGCGTTG,2
AGATGCAATCCT,3
GCGATCCGGTGA,2
GCCCCCAAATAG,2
CAAGTTAGGTCC,3
CCACCCATAAGG,1
TTAACTGTACAT,2
CTGCTACATTCA,3
TGCACCACCACA,2
GCCCGCTGGGGT,3
CGTGGAGCTATT,3
TTCTTCACCTTC,2
TACTTTGCAGGT,2
TGTGGAGATTCC,4
TTTGGTGGTCCA,4
CGTCTTTTCTGT,2
CCGGTTCTCGCA,2
GCGCCCCGCTGC,2
TAAGTGCGGCAT,4
GCCGCCGCTATT,2
GGCAGTCATCCA,3
CCCTCTACGATT,4
GGGCGCCCTGAT,3
GAGGGACAGCCG,3
CACGCCAACTCT,4
TTCTACGCAAAG,2
GTAGCAACGCGG,2
TCAAATGTTGGC,1
CGAGCTGTTATC,2
AACTGATGGCTA,1
GTCGCATAACAG,2
CAACTTGGAAAT,4
AACGTACGAACC,1
CACTCGGATAAT,1
AACAAACGACCA,2
GCATGTGGGAAA,4
AAATATGATAGA,2
CAAGACCGAGAA,1
ACTAGCTCGCGT,1
CAGTTACGAATG,2
ACTCCGCCACAA,2
GCTCATGACCCT,1
CGATCCAGATGA,2
AAAGGACTTAGT,1
ATGTAATTTGTC,2
CGTAGTGTGCGA,2
GCAACTGTCCCT,2
CTAGACCCATTT,3
GGGGCAGGGACT,2
TGCGGGCAGGAG,1
CACTTCCTTGTT,3
AGCTAACGGGTA,3
AAGAAGCCACAG,1
CAGACTTCTTCG,2
GCGCTTACATAT,1
GTTTCGCTAGGG,2
ACCGGTAGCTGA,1
AAGGTGTCTCCA,3
CGGCGCGAAGAG,3
TCGCATCGCTGC,4
TTTTAATCCTCG,1
GATTGGCCTCTC,1
TTCTCGTGTCAA,2
CTGACCTTGATG,2
TATTATCATCCG,4
GTTTATAACACG,2
TGGCCTGGCGCG,4
GAAAGTTTACCC,3
GTCGAAAGCAGT,2
TCGATGTCTGTA,1
AGCCGAAATCTC,1
CGGGTGCGTACT,4
CGTTCGCGCCAA,3
CTTTTCTATCTC,1
GAGAAGTGAGTA,2
TAGCTTATACCG,3
CTAACGCTCCCG,2
TTAGAAATAGGG,1
ACACGTTCGGAT,4
CCGTCCGATACG,3
TTCCCTGTCCCG,3
TTGCCGCGAAGC,2
TACATTCTGCCC,1
TATCTACCTAAC,2
TCGACTGCGATC,4
TAGAACACATAC,2
TGTTGATGGCAG,3
CCCGTGTCCGCT,2
AACTGTGCTAGT,3
CAGAGATGTTAG,3
GACGTTTAGATG,1
AGGAATTTACAC,3
CGCGCCTCGGAA,4
GATAGGTCGCAC,2
AACCCTGGCGGA,2
ACCATGGCCATC,4
TTTGCTGACGAA,3
CCTGGCAAGAGA,2
TACTACCTCGTT,2
AGCCGTGATGGT,1
AGTTTGGGCATT,1
ATCTTGACGGCG,3
GTGGATGGTCTA,3
TATTAGGACGCA,2
GATTGTTGCAGG,3
CAGTAAGTCAGT,4
CGTGTGCAAAGA,3
CCAGTAACCTTG,3
ACCCGGGAACGA,2
CGTACTTCGGAG,3
AACCTCACTATA,1
AGGTCGACGCGT,2
GCAGTCTCGGAC,2
AAGTTGTTCGCG,1
CTTGTACAATCT,1
TCTGAAAGGGCG,3
ATTCGCAATGCT,1
CGATTCAGCACT,1
GTTGAGACTATA,2
TGTTTCGGAATT,2
GAACACTTGCGT,2
GGTTGCATCGTT,3
CTAGAGGCTAGG,2
ATATCCCCTCTT,2
CCCACCTTATTT,4
GACATGCGACTC,3
CTCGTAAGCGGA,3
GCATATCCCATC,2
GACAATTTAATA,2
GATGGTGAGACC,2
CTCACACCATGC,3
AAACGAACGATG,2
CGGGCAGCGCTC,3
GTATCATTTGCA,3
CGCGGTTAAGAT,1
GCTCGGAGAATG,3
GCATAGCACGAG,1
CTGTCAAATTCC,2
TGTTGACTCTCT,1
TACCCCTGGGCC,2
GGGCCGGGGTTC,1
GAATGCAGTGCG,3
CAAAGATCAGTG,3
CCCCTCAGAGCG,3
TTGAGATTTTTT,1
TTGCGGTTTAGA,4
CAGCTCGCTTAT,2
GCAAGACGACCT,2
TCATCCTCCACG,1
TCGCTGGCCTGG,2
CCCAACCTCATA,2
GTATACTGACGT,2
CATAGTACATCA,3
GTGCTTTTTTAA,2
TCTGAGATGAGC,3
GTCATTGTTGAA,3
GTCGCATTCTGT,4
CCCCATCGCGTG,1
ATCGCCACGGGC,2
CTTAAGTTGAGT,4
GTTCTGGTCCTG,2
TATCCTATGCCT,3
GCCTTATGGCGG,1
GCTTAAATGGCC,2
AGGCACACCTCT,2
GACGTTCAATCC,1
GCCTGAATCAAG,3
CAACACCTAACA,3
AAGACGGTCCTC,2
ACAAGAGAATTG,2
CAGTCCAATTGG,1
CTGTGTCACTAG,2
TCTCGAGGGTAC,2
CTTATGACTCGT,2
GCTGAACTAACA,1
CACGCTTTACTG,2
CAGGACATTTTA,3
AAAACGCCTTTC,2
TGCTACGTGTTC,1
CGGACAAGTTAA,2
CCGCTTTACGTA,4
GTCAATAACAAC,4
CTCAACCCATTG,3
CGCGGTTCTCCG,1
ATGCGATCTCTG,4
GTCGCATTCATA,3
CTATGTACCGGG,2
GCCGTTGACGTA,2
TCGACACGAAAT,1
CGACTCACTCGC,1
CACTTTCGGCAT,1
GATCCCTTGTGG,1
CGGTTTGCCCAG,3
CTCGCCGCCCAT,1
ACTAAAGGCCTC,3
GGCAACTGCTTA,1
GCGACACTGACA,4
GGCAGCAATGTC,2
AAGGCCCGCCAC,3
GTAGGACCGCGT,1
ACCGTTTCTCTC,2
TAAATAGTGTCG,2
GACAGGAAATAT,2
TCCAAATGGAAC,2
CCCTTCCATTTC,1
ACTTCCCAAAAG,3
AGACCGTCGTTT,2
GAGATGGTATGA,1
GATTACGTTTGT,2
ACCAACGATTCG,3
GACCTCCGCTAA,3
ACGTATTGCCTT,3
GGGTATCCTCTA,4
TATAACGCGGAT,3
AACCGTTAGGTC,3
ACGAAATGGTAT,3
CATGGTCGCTTT,2
GATAAAAGATGC,1
TTGACTGTCGAA,3
CGAGCAACATTA,2
TGTAGGGCTCAG,1
TTAGCGACTTGT,3
CAGGGGGGAGGA,2
GGAATTAAGTCG,3
ACATCTAGGTAA,1
GCTCCAGACATC,1
GTCCTAGAACTG,2
TAGGTCGGATAA,1
TGGTTACAACGA,1
AGTGTTAGCTTT,4
CCTACACTCGGT,3
AAAACCGGTACC,4
GTGTGTCGGAGA,3
GCCAGTCTGGCC,3
ACAACGTGATCA,1
TAAAACAGTGCC,2
CCAGCATACTCT,1
CCGCGATTATAG,2
TAGAATTGCAGA,4
ATGTAACTGGTG,3
GGGTCGCCTTCT,2
TAGGGCTCGGAC,2
TTATGACAAGAA,1
ATGACTTACGCA,4
GCACAACGGGTC,4
ACCGCTAGCGGA,1
GCTACACCAGTG,4
TACGCTTCCAGG,3
TGCCTCGATGAG,4
GGCGGCGACTCC,2
TATCGCTGCTCC,1
ACAACCACCAAG,3
TATGTCCCACGG,1
TGGGTTAGACGT,2
GCGCATATAAGT,4
GGGCTACAGCTG,2
TGAGGTTACTCG,1
TTCGTATGTTCC,3
TATTGTCTGTGC,1
CCTCTAATATCT,1
TGCACCGAGGCC,4
TACACCACAGTC,3
TCATTATCTACT,3
TTGTACAGCACA,4
TTCATTATCTGC,1
GGCGAATGCTAC,1
CATTGCGATCCT,3
AACAGTTCCAAC,1
CAGGTAACCCGG,1
TACTGCCAGCAC,1
CCCGTTCGTATC,1
TTTACAACGTTG,2
AGAATTAGAGTA,2
AGCGGAAGGCCA,1
ATATCCCATCAT,4
CTTACTCGTTCC,4
AACCCCGGCCAG,2
CGACGCCTACGA,1
TTTCACGACATT,3
GAATCCTTATGC,2
GCAAACCGCCTA,4
AAGCTGGACGAT,1
TCGAGAGTTGAG,2
AAGGGGCGACTC,1
GCCTTGCTGGTT,1
CTGCAAGACGTA,2
CCAACCGTAGAT,3
CGGTATCAGGAA,2
GGACGAATCCCA,3
CGACCATTCTCA,2
GCGTCGTCCTAA,4
CTCCAGAAATAG,1
TACGGTGAGTGT,3
AAGCCTGTTGTA,1
GATGTAGGAGGA,1
ACCCTGGAGACG,3
GTTTGGTGGTCG,1
GAGTCAACGGAA,3
ACCTGGGGCAAC,2
CGGATTGTTATT,3
TGTTTACGCCTT,2
AAGTTCCGAAAT,3
CCGACGACCCTC,2
GAGGGGCTCAAA,1
GTATTCCGATTA,1
TATCAAAGCGAG,2
CACATGCAGCAC,2
CTCACCTCTGAT,1
TCGGGGCTCATA,2
CCCGAATCTATG,2
CGGTACATTTGA,3
ACTTGACTTGGC,3
ATGGTCCGTAAG,4
CAGCCAATGCCA,3
CCAAGTGCCCTA,3
GTCGACCAATTG,2
CTGTCCGACCAT,4
TGCCTTCTTTGA,2
TGTAGATATTGA,1
AGGTAGCTTGGT,2
TTGCCGGAGGGC,1
GTAGGCTGGAGT,3
CGACTAGAACCA,1
GTGCCACACATT,2
GACGACATGTTC,4
GGCTGTACAACA,2
AACGGGCCGCCA,1
AGACGAACCTAT,1
CGAAGTTTCGTA,2
GTTGGGTAACAC,1
AACACAGGACAT,3
AAGATTTAGGTA,2
AGTTTTATACCT,3
CAACAAGAGTAC,1
GGTTACCGTCTT,3
TGAGTGAATGTT,4
CTGTAGCCATCC,4
GGATAGGGCCCC,2
TGCACTTCACAT,3
CGCGATACGGCG,2
TGTGCCCGATAG,2
GTCTAGAAGGGC,2
CTCTACATCCTC,2
TAGTGTCTGGCG,2
CAACCCTGTGTC,2
AGTTGGGCAGTC,3
ATTAAGCAGAAC,1
CTTGCGACACTT,3
TTCGCTGCGTTT,3
GTTGAACCGATT,2
TCCTTTTTTAGT,1
GCTAATGCCCAT,1
GGGCCAAACACC,4
TCCCTGAGGTTT,4
TAAGTGCGCTAC,1
TCGAACCGGTCA,1
AGTGAACCAGTG,2
TAAACACGTAAG,3
TATAGGCGAATA,4
AAAATTCGATCA,2
GGGAGACGAAGC,1
TGCATAGCTATC,2
AACCTTTAGCCC,2
ATCCCCCAGGGA,1
GTTCCGAACGGA,1
ATCTATATTGAA,2
CGGAACTTCCCG,3
CGTGTAACGTAG,2
GCTGTTATGGGA,4
TCGGGGATCACA,2
ATTACTGCAGTC,4
CTGCGACACTGG,2
AAACCGCCATAT,2
ACCTTGACATGG,2
CTTATGACGGCG,3
TCGCGAGGCGGT,1
AGTCAGGAACGT,4
GCCAGCCACTTT,4
AATTCACGTATG,2
TTACACCGCTTG,2
GAGTAACATAGG,2
TTGATAAGGCTG,3
AGCCGACGATGC,1
AGTGGTCTCCAA,2
CATAAGCCAGCC,4
TTACACCTGCAC,1
ACAAGCTAGGCG,2
ACACTGAGCAGG,1
TCCACCTCACCT,1
CGGTAGAGCTAT,3
ATTTGGCTACAA,4
TCAGCTTCGGAC,1
CTTGCCGCCATT,4
AAGCCCTAGACC,2
ACAATTGCCTAC,1
CTTAGTCTGAGA,2
AGGACGATTGTT,4
GGGAGTTAAACC,2
ACTTGTTAGTCT,4
ATCGTTGGGCTG,1
ACGAACGCGCTT,1
CCAAATTACCGG,3
CTTTTAGGTCGG,2
ATCAGCTTGAAA,2
ATAGTACCCTCC,4
GCGTGGTTACGC,3
GTAGTTCCGTTG,1
CGTCCTTAGATC,2
GGAGTATAAACT,2
GTAAATTACTGG,2
TCGCAAGCACTC,4
ATGTGAGGGTGG,3
CCTTGTTCATTT,1
GTTGTCATTATC,4
CAGAGCAACTTT,2
CTCGTTCTGTAA,1
GTGGATGATCAC,2
TGGGTAGTGCCG,3
GATCTCCACAGG,4
CGACCGACTTTC,1
GCTAACCTTATC,4
GGTGCCTACAGT,3
CGATTGTTAGCT,2
GGCTGCCACACT,2
TCGTCGGCACTT,1
CGAGATGTCGCA,3
CTTGACAGTCTG,4
GTAATATGATGC,4
AGCACCGTATTT,1
ATCTGATACGTG,1
GGGACAATCCGT,3
GGGTGCTCGGTT,1
AGTATACCTGAG,3
ATTTGTTGAGCA,1
TTTTAACGAGAG,3
CCACCGAGCAAA,1
GGCGGATACACG,1
AGCGTTGCGAGC,3
CCCCAGCATAGG,1
AAACGAAAAGTC,3
AGTGTTACCCTG,1
CCCGGCTTTTGG,2
AGCCAATACCCT,2
ATCGCGTGTATC,4
CATGTCCCGGCC,1
CTGGTTAGTCAC,4
CGGAGGAGGCTA,3
GGATACGAAATA,1
CGAGCGGATAAG,3
GGGCTATCTGAC,4
TTCAGGGAGTTT,1
ATATTTTGCTAT,1
CACATCGCATCG,2
CTGCACGCCCAT,4
GTGAGCTAGAGA,3
CTCAGTGAGATG,4
CTTACCAGAGGT,3
GGAGTGGGATGC,3
TCTGAGTTAACC,2
CATAAGGTCGTT,2
GGTGTTTCCAGC,3
GTGACTTCAAAT,2
TTCCGTTTGAGT,2
CCTGTGATAAGG,3
CCTTCGCTGCCG,1
GGAGCTGTTAGA,1
CGCAGAGAAGCC,2
GTCACTTGATCA,4
TAACTTATGCCA,1
AAAGGGCCAAAG,2
TTAGCTTTGTAT,4
CTGCAGTAATAA,4
ACACCCAATATT,2
CGTATTCCAAGG,2
ACGTTCCGAGAA,4
CTACCCTTTGAA,4
GAATCGTTAAGG,2
GCCAACGAAATA,1
AATCTATGTCGC,4
AGGATAAGTTAT,2
TGTCAAGTTTAA,1
ACGCGCACCGGT,1
GGACTAATGCGT,4
AAGGCTTGCTGC,4
CGCTAAAATGCT,2
ACACTCTGTTGC,2
ATTGTTGACTAA,1
CCCCTCACAGTT,3
TAAGCTCTTAAG,1
GTTCATGCTACG,3
CGCTACGCTGTA,1
AGACCGCCATCA,4
CGCTCGGGTGAG,3
ATAATGGTTGTC,4
CTACTGCCCCCA,4
TTGCCGCGACAC,3
GAAGAGCCATGC,2
TTCGGGCTCTAC,4
CTCAGGCTGTTC,4
CGAAGCCAGGCA,4
CGTGTTACGCAC,4
GCCCTGACAACC,4
CTCGCCCGATGT,3
GCTCTAGCGCTG,4
GAGTTGCGAGTG,4
TTCCCTGGCGAG,3
GCCGTCACGATC,4
CCAGGGAGCCTT,4
ATAGGTGACATA,2
CCACCGATGCAT,2
ATCGGCCTGGTT,1
CACGCATGCGCA,4
CTTTGACGGGTA,4
CGCCCCGAGATT,1
TCACATGACAGC,1
GACCTCGGGGTT,4
ATTGCAAGCGCG,4
CATGAAACTTGT,4
GACGATATCCCG,4
ATATCAGCCAGA,2
CGGTCTCCGATG,2
CGCGCGGGGCTG,2
CTCTCAGGACTC,2
TAGATGGTCCGG,3
ACAATCCGTCTG,1
TCGCGAGGTGTC,2
CTGGACGGGCGC,2
CGCGCAACCGAA,1
GGTCATCAGACA,1
CCGATAAGAGCC,4
TGAGAGTGGACT,4
TTCGCGCTCGGA,4
CGGTATGGGTGC,1
GAGTACTAGAGT,2
TTAGGGCTTGGC,1
AGGAAGAAACCA,3
GCAATCATAGTG,2
ATAACCAAAAGA,3
GAGTAATTCTGT,4
CCACTCAACACC,4
TGTAGCAGCTGC,1
GGAGTTACCGAG,2
AGAAGTTAGACA,2
GCGTTATTCTTG,4
TCTAACTGCGAG,2
GGCGTGGTCATG,2
GGGTCAAAGCCA,1
CGGAACGAGTCA,2
CGGGTGGGATCC,1
CTAGCACAAATC,1
GTCCTCCTCCGC,4
TATTGTGGCTTT,1
TAGTCAGTCGTG,2
ACGACCTCGAAC,4
CAGACCCTGACA,2
AGCTAAACATTT,2
TTTTTTTGGTAG,1
GTCTTTCGGCCC,2
GAGTTGGGGATG,2
GTAATTGGTGGC,3
TGTTCGTGACTG,2
TGGAATCCGTAG,4
GCCCGGGGCAAC,4
GGGTCGATTGTT,1
TACTAACTTAAC,2
AATTTGGGAGCA,3
GACTTTCCGTAC,3
GGCTTCCCTTCG,4
GAGTGGGGCCCT,4
CAGCCCCAAGGC,4
CATATACATAAA,1
TACCGACAATAG,1
CACTGAAGGACC,2
AGTGAAGATGGC,4
CTTATCATAGTA,1
TTCGGTACAGTG,4
TCCCTATTATCG,2
CAGTGCACTTGC,1
GAATTGCCCGTA,2
AATCCCACTAAT,2
GGTAAGCGGTAC,2
TGACTAAGAGTC,1
GAGGGCCCTATG,3
GAAAGAACGAAG,2
TCACCTTGCTAT,4
ACGGCCTCCAAG,1
CGCGGTCGTCTC,1
ACCGTTGGGGCT,2
GTTCTATTCCGG,2
CGCTTCCGTAGC,2
GAGAGTCGACAA,1
GGCGCGTGAGCA,4
ACGGACAGTATT,4
TCCCAACTCAAG,2
CAGCGTCTGGTC,2
GGTGAACGTCTC,2
AATTTGTACATG,4
CCGGCGTGCCCG,4
GGGAGAACGATC,3
TGTTCATAGGAC,4
ATTAACACGGGG,2
ATCGTTGACTTC,1
CAAAAAGCCCAC,1
ACGGACGATTCA,3
ACGCAGGAAGCG,2
GCGAGGCCCTGA,2
CTTTTATAATGT,2
TAGCCCGGTCCC,4
TTCTAGCAGCCA,1
ACAGTTTAGAAA,2
GTTCCGCCACTC,4
AGTACCGATTGG,1
AGAAATACATTA,2
GGCCGCCCGGGG,2
TTCCCCTACAAC,2
TGTAATCATCTG,2
ACATAAATTAGT,1
ATAGTGCTCGCC,1
GTTCTTCCTAGT,2
ATCCGTTCAACG,2
CCGACTAAGAAT,3
AAGCCTGGGGGC,2
CAGCTGGTGATG,2
